Name,ID
Hafiz Bin Ahmad,C00128057U
Devi Ng,C70184858L
Mei Lee,T44434184G
Yong Lim,Y46504736K
Jia Chua,M62037789S
Min Tan,R98869301F
Farid Chua,M47780707J
Xiang Bin Ahmad,F39588282Z
Yong Pillai,J64539353T
Yong Toh,L95931262A
Ravi Lee,Z49963854R
Yong Chan,R43046486Y
Liang Rajendran,B94375675V
Rosnah Toh,S25440526P
Liang Binti Abdullah,R68872412D
Kumar Binti Omar,D77514615S
Suresh Binti Abdullah,E93120589T
Zhi Teo,V91839153C
Aisyah Chan,J32176307D
Yong Naidu,Q25416652Q
Anand Rajendran,D49523288D
Raj Tan,E58667618E
Wei Bin Ismail,E09064967L
Priya Tan,E54676153Z
Jia Lim,S70868873T
Ravi Naidu,Y81220511K
Jia Bin Ismail,E38959474Y
Zhi Tan,Q21391301L
Min Lee,N36836005Z
Zul Teo,T14910172I
Rosnah Toh,B44721852N
Cheng Ng,V68902520I
Jia Goh,C15420959W
Yong Teo,A38704965L
Devi Binti Abdullah,X01998698L
Jia Naidu,W97517805T
Hui Teo,Q84774439Z
Ravi Subramaniam,Y76691343Y
Lakshmi Bin Ismail,T02425782Y
Wei Chua,U88518046M
Yong Teo,Y96050808Q
Priya Wong,Z86729702X
Jia Lim,B08430763I
Ravi Ramasamy,Q90204070D
Hafiz Bin Ismail,E57558271K
Mei Binti Abdullah,T37504986H
Mei Binti Omar,P44624687R
Kumar Goh,P08859155M
Rosnah Lim,T15548780A
Liang Rajendran,A74033150I
Xiang Lim,K45296362M
Cheng Tan,T36598091T
Min Binti Abdullah,C62817646D
Devi Subramaniam,R71435001D
Zhi Ramasamy,C50016118X
Suresh Chua,Q32042471M
Xiang Bin Ahmad,T59347971X
Rosnah Lim,B88748986A
Zhi Chan,Y14081040L
Min Pillai,W60669813L
Wei Chan,M41407334G
Yong Goh,D38124202P
Wei Pillai,B99224301Q
Nur Ng,U10369158B
Wei Lim,T21885465I
Zul Bin Ahmad,N71866610F
Ravi Ng,Q44934890L
Hui Bin Ismail,H16074353B
Cheng Binti Abdullah,C17853951K
Zhi Bin Ahmad,I74767232Q
Zul Binti Omar,Y66509768C
Aisyah Subramaniam,N33620803S
Ravi Bin Ismail,I98049453S
Lakshmi Binti Abdullah,V80604368I
Jia Teo,D27437515T
Raj Subramaniam,M80160588U
Jia Pillai,W78120885J
Suresh Chua,L02618709W
Zhi Binti Omar,J74260622V
Yong Chan,Y77996402N
Lakshmi Ng,N76533869K
Mei Binti Omar,C61695749S
Anand Chan,J54038790T
Zul Bin Ahmad,J52883260O
Devi Ramasamy,K50239447N
Hafiz Lim,A22800130C
Raj Wong,V53210075Z
Yong Naidu,C29673115P
Mei Ng,M60180571X
Xiang Chan,U96871913J
Lakshmi Binti Omar,H99720253U
Liang Wong,C52579949I
Suresh Tan,E65046872I
Syafiq Subramaniam,Y67435356N
Zhi Chan,R31419693N
Jia Lee,R11757555N
Devi Goh,H66762075C
Min Pillai,J13497325E
Mei Bin Ismail,F93482513F
Cheng Teo,Q00581592V
Aisyah Wong,X42315573N
Ravi Teo,I99458372I
Hafiz Ramasamy,T32683407W
Xiang Pillai,J64179165G
Zul Teo,N32924839M
Kumar Chua,R80508026O
Rosnah Bin Ismail,L28093083P
Priya Chua,E36579793Q
Hui Lim,H13502074Y
Mei Ramasamy,V70679756N
Raj Binti Abdullah,V32944800L
Nur Wong,M82218327I
Mei Chua,G98805242B
Xiang Lim,M79684451U
Ravi Binti Abdullah,Z90985151K
Priya Lim,Y90209036Q
Zhi Lee,J91135274L
Jia Ng,G66378794O
Cheng Ramasamy,X10725895V
Lakshmi Pillai,R98082383B
Yong Binti Abdullah,F00171844D
Ravi Ng,F99571258C
Zul Pillai,I98204971V
Hui Bin Ahmad,W05708065V
Hui Chan,Y69537551M
Devi Goh,C59287565Q
Farid Naidu,N89628004Y
Suresh Binti Abdullah,W40224864S
Min Bin Ahmad,Z60794304G
Kumar Lee,T97445083K
Kumar Lim,T37697020N
Liang Bin Ismail,C02024631Z
Rosnah Toh,A08698678I
Yong Binti Abdullah,W14782396P
Rosnah Chua,V78237638U
Xiang Teo,D26713189C
Min Binti Abdullah,V48963101S
Syafiq Subramaniam,W71006923L
Syafiq Wong,V06315037T
Syafiq Naidu,W15371229Q
Zhi Pillai,U80478871Z
Cheng Bin Ismail,I99926330I
Rosnah Binti Omar,V81957120X
Wei Toh,H45363592F
Anand Bin Ahmad,R70011619M
Xiang Subramaniam,X58596940M
Aisyah Goh,M29007162X
Hui Chua,J06238930Y
Kumar Lee,L94478459G
Nur Naidu,O04075685J
Farid Bin Ahmad,T18819854V
Liang Chua,M33401587V
Priya Bin Ismail,M79144429P
Yong Binti Abdullah,M56867088N
Hafiz Teo,J32077539B
Xiang Ng,H13133317Q
Priya Binti Omar,L66032655F
Kumar Subramaniam,T01744603K
Hui Goh,S90584774I
Wei Chua,O67917113Y
Hui Teo,H74175404T
Priya Pillai,T13918461A
Lakshmi Binti Omar,W02229697M
Mei Ng,Y87860065N
Priya Binti Abdullah,K10973104M
Aminah Subramaniam,H41656786M
Farid Naidu,Q87090494U
Mei Naidu,F80502763X
Min Ramasamy,G79632002H
Zul Lim,D24543190M
Hui Lee,U05246753G
Zhi Chan,T88823294Q
Anand Lim,S11087024Y
Aminah Toh,Q84951059R
Raj Wong,U33254731S
Yong Lee,T33267233K
Aisyah Chan,G37320141Z
Farid Subramaniam,J71214254C
Syafiq Ng,Z61672609H
Priya Naidu,I62900708B
Kumar Bin Ismail,R69462764G
Rosnah Ramasamy,P05756339H
Cheng Rajendran,X27900034N
Liang Bin Ismail,R19305912F
Raj Goh,S10123502D
Xiang Bin Ismail,E21559988D
Farid Rajendran,G10703858C
Xiang Chan,V51684973P
Liang Binti Abdullah,A71581894I
Raj Bin Ismail,E96870704L
Aisyah Chua,D66539638R
Zhi Chan,A87011040V
Zhi Chan,G23704999Y
Farid Subramaniam,N31727415F
Zhi Subramaniam,V58739303J
Rosnah Rajendran,Z29505456H
Liang Ramasamy,J37509425Z
Kumar Tan,R83175632B
Nur Ramasamy,J27765929X
Zul Wong,H71340877U
Jia Lee,G10459420R
Hui Binti Abdullah,T08501814W
Kumar Tan,L43734782H
Priya Toh,C63929090E
Anand Rajendran,M54393051H
Rosnah Chua,V66213966U
Zhi Tan,R30011721T
Devi Rajendran,Y24481561I
Liang Rajendran,O02062752A
Liang Bin Ahmad,V96217798K
Ravi Chan,T48735683N
Hui Subramaniam,T52900009Y
Xiang Chua,Y84052065U
Suresh Chua,G37049329M
Ravi Pillai,V95347006G
Jia Binti Omar,O80644528N
Zul Binti Omar,F62874658Z
Raj Tan,U92758238A
Min Naidu,A59280639W
Ravi Binti Abdullah,B50137997B
Xiang Bin Ismail,G30976996S
Liang Tan,V67568069F
Min Wong,H62534386Y
Rosnah Lim,A23207845B
Xiang Chan,Q81094243U
Farid Toh,V68127630T
Lakshmi Naidu,A02190925X
Raj Teo,X78366569Z
Raj Bin Ahmad,A83260692E
Hafiz Lee,V85469521E
Xiang Rajendran,K31411419C
Raj Binti Abdullah,X11660747C
Aisyah Chan,H23832292R
Zhi Pillai,M32445183Z
Wei Subramaniam,C99006631N
Nur Lee,V95215654H
Syafiq Toh,X01017209U
Hui Chua,M48532665C
Cheng Lee,F24879757W
Farid Wong,G52166590B
Lakshmi Lim,R61108916R
Suresh Lee,A06892475W
Priya Naidu,P49847849V
Yong Ng,W55257912Y
Hafiz Ramasamy,U19577154F
Farid Chua,D54006075F
Syafiq Tan,L83391163T
Liang Chan,W86706425P
Yong Naidu,H50948460T
Yong Bin Ismail,V56458138D
Zul Binti Omar,M40348641M
Xiang Lim,L93141435Q
Kumar Ramasamy,P87135009M
Aminah Bin Ahmad,K74869295N
Raj Naidu,R17341084R
Devi Naidu,J54634937S
Jia Goh,A82961557A
Kumar Ng,U81196410Q
Rosnah Binti Omar,Y77275198Y
Priya Goh,E74833112T
Rosnah Rajendran,T87307572M
Raj Pillai,P05822729B
Suresh Goh,Z75142229E
Farid Tan,A72841848C
Aisyah Tan,O32960076C
Rosnah Bin Ismail,N42389858O
Kumar Bin Ismail,A13936826X
Yong Binti Omar,S43909072Q
Cheng Tan,D61686325N
Devi Chan,N71647420E
Lakshmi Teo,R11748019W
Kumar Chua,R34929862T
Min Naidu,E53906387U
Nur Binti Omar,C96293530E
Mei Bin Ahmad,S18307829R
Lakshmi Lee,A59572861C
Mei Chan,Y96533528Q
Hui Lee,I78324101V
Ravi Bin Ahmad,K52788097C
Suresh Bin Ismail,W78920778G
Wei Goh,H66958856O
Min Chua,K74334951J
Farid Teo,N75053025Z
Mei Bin Ahmad,X38194488D
Yong Lee,W79909141R
Hui Ramasamy,B24571623V
Raj Rajendran,X73621083I
Hui Rajendran,N71912402A
Liang Toh,E33549460F
Mei Ramasamy,W28141369I
Devi Ng,I92350376C
Devi Pillai,K93759546D
Kumar Subramaniam,B72290533W
Wei Subramaniam,W76616433J
Raj Naidu,H57674338H
Aisyah Lim,E50484756I
Hui Lim,S28089814N
Yong Lim,X29110754O
Xiang Subramaniam,X07610311I
Zhi Rajendran,X01964048L
Anand Bin Ismail,L56893589R
Hui Bin Ismail,J75326357R
Devi Ramasamy,M48196518O
Farid Pillai,W17085004H
Yong Tan,V07311008J
Anand Tan,I29126198H
Liang Bin Ahmad,R80992018V
Kumar Binti Abdullah,Q45394532O
Cheng Binti Omar,J43808428G
Anand Ramasamy,O06245804Y
Aminah Ramasamy,S51902583B
Mei Binti Omar,C36365557I
Hafiz Teo,M81089217Z
Wei Goh,V53647772R
Devi Subramaniam,R55910755L
Lakshmi Lim,F77307949O
Hafiz Binti Omar,D32074574F
Jia Pillai,J59542452Z
Liang Naidu,E52849542G
Farid Teo,X99930572R
Xiang Goh,E30577206N
Lakshmi Wong,M14116678G
Lakshmi Lee,P12012339S
Zhi Rajendran,O52235081R
Rosnah Wong,F93561446S
Wei Bin Ahmad,E72941907E
Xiang Binti Abdullah,J92792721J
Ravi Bin Ismail,Y78668419A
Lakshmi Tan,O10026558A
Zul Lee,W65194550E
Priya Bin Ismail,V70015149R
Liang Binti Omar,K21612154A
Liang Binti Abdullah,L16850405Z
Liang Binti Abdullah,L07925419B
Liang Naidu,U54869660W
Aisyah Ramasamy,E71404550D
Devi Teo,Z25748380C
Wei Chan,L72710025L
Anand Toh,N16286325M
Syafiq Chan,K40861774U
Zul Pillai,W46211827F
Aminah Bin Ismail,U20350246S
Hui Tan,B36527054P
Aminah Lee,V40397927O
Aminah Ng,K40137005E
Anand Toh,H14418088P
Hui Subramaniam,V11225106S
Mei Tan,N95034966J
Priya Goh,C07591599D
Yong Ng,I97477143X
Rosnah Binti Omar,N42956683G
Syafiq Pillai,E30999990P
Raj Chan,U90684548Y
Syafiq Subramaniam,Q19508826N
Lakshmi Rajendran,R69953021L
Wei Teo,E06473956G
Aisyah Binti Omar,V43969328Y
Yong Lim,M87739538B
Kumar Lim,L02665386E
Liang Ramasamy,M15641226P
Aminah Bin Ahmad,M74473768U
Syafiq Ramasamy,R68503681R
Hafiz Goh,A27840006C
Ravi Binti Omar,R67968788I
Devi Goh,A23468289N
Lakshmi Lim,R16381407Z
Farid Goh,R19413737P
Hui Chan,R14098467I
Aisyah Chua,P29367187V
Wei Chan,W79111077L
Syafiq Toh,A36980312C
Lakshmi Teo,R50240493R
Jia Toh,X28927889V
Hafiz Ng,E26370817Z
Hafiz Binti Omar,Z29133453E
Priya Naidu,D91184171C
Priya Lee,D50703875V
Mei Bin Ismail,V75037104B
Aisyah Naidu,I42749335V
Cheng Chua,C15082237J
Zul Chan,V34281301Q
Hafiz Tan,S99034320Y
Cheng Naidu,X29220008H
Liang Lim,E47206282C
Priya Lee,D40822656P
Raj Naidu,V73442417M
Aisyah Tan,X10333782C
Aisyah Teo,I30216893Q
Farid Naidu,P44531700A
Yong Binti Omar,C08466388Q
Aisyah Chan,W13638542J
Yong Ng,S96991472N
Farid Pillai,M29547446O
Zul Goh,S62763473D
Jia Bin Ahmad,I75576328A
Lakshmi Ramasamy,X64013838T
Suresh Tan,B59656323X
Cheng Ng,K41706071J
Zul Bin Ismail,T86058359C
Devi Wong,W96184483H
Hui Chua,I82197847R
Aisyah Wong,I61762499F
Ravi Ramasamy,B03428140V
Wei Bin Ahmad,M09323211O
Hafiz Ng,H13203638E
Wei Chua,F59067168Q
Devi Subramaniam,C22724742B
Priya Pillai,Z67571754Y
Xiang Ramasamy,N55732423A
Lakshmi Pillai,Y77046008Q
Xiang Bin Ahmad,Q46081048N
Kumar Lim,U23806927E
Liang Pillai,F06610532R
Liang Ng,X01468324N
Hafiz Bin Ahmad,Z00634703K
Zhi Tan,Q72104545Z
Jia Naidu,B85224084D
Ravi Ng,F02886961Q
Rosnah Lee,S39837005N
Rosnah Tan,X23945006B
Mei Bin Ismail,F94891087X
Min Toh,N61932796L
Aminah Toh,D47738099A
Mei Ng,D79591043Q
Ravi Pillai,I98141309K
Syafiq Chua,D37248059O
Mei Rajendran,H34501242H
Raj Binti Omar,E83867286Y
Jia Tan,M33778129M
Cheng Ng,W40373871B
Devi Teo,X87154060J
Jia Chan,Z07789739Y
Hafiz Goh,W03732023R
Hui Teo,U98693838P
Min Tan,T16476760Z
Hui Naidu,V61908626F
Rosnah Bin Ahmad,O50646754U
Lakshmi Tan,Y37267666W
Wei Binti Abdullah,A60067063I
Zhi Rajendran,Y78678620X
Hafiz Wong,E84612124B
Priya Binti Omar,M57511149L
Mei Naidu,Y12272798O
Cheng Chua,R94014470A
Syafiq Subramaniam,I74087111Q
Cheng Wong,G38242900K
Yong Lee,F69229222V
Wei Binti Omar,C14912398X
Min Chua,G13960559C
Raj Bin Ismail,X10433955J
Mei Tan,C47529762J
Zul Pillai,M02473427N
Hui Lee,R31914547T
Hafiz Chua,H31865806Z
Hafiz Ramasamy,J03213043S
Rosnah Teo,K08811919R
Ravi Bin Ahmad,H59365972Y
Mei Chan,P86641557N
Ravi Rajendran,T20973142U
Zhi Goh,R63978880C
Rosnah Lim,F99313838E
Mei Binti Omar,W49582781H
Farid Bin Ahmad,Y81973327O
Yong Tan,M55762459M
Hafiz Binti Omar,C72925476I
Jia Tan,X68823116D
Cheng Bin Ahmad,F52116333L
Liang Teo,N05546584Y
Kumar Ramasamy,A30192246Q
Raj Rajendran,E56378222X
Nur Toh,T40184462C
Hafiz Naidu,E12522246W
Min Chua,M63388276U
Jia Binti Omar,V47136967E
Farid Bin Ismail,H04166374R
Zul Goh,O01076585X
Cheng Ng,K30782668P
Min Subramaniam,D19391447Z
Zul Naidu,Q81933166P
Syafiq Goh,Y73138384I
Hafiz Bin Ismail,Z47429662Z
Anand Binti Abdullah,I31296141Y
Suresh Binti Omar,S59893569S
Aisyah Chan,I10801700A
Mei Subramaniam,I80590967R
Yong Pillai,D02831191Z
Suresh Lee,L84292291X
Zul Chan,A86115583K
Rosnah Chua,U96065595P
Yong Chan,H51687530X
Zul Chan,K37897900F
Min Wong,E09187798U
Yong Wong,E37398631O
Zul Goh,S42205258I
Zul Lee,R09437769R
Mei Chan,M60854642E
Lakshmi Teo,U25598415R
Aminah Chan,X74751357V
Suresh Lee,D95163100P
Lakshmi Bin Ismail,A38744283D
